id,name,model_id:id,group_id:id,perm_read,perm_write,perm_create,perm_unlink
access_hr_leave_report_balance,access_hr_leave_report_balance,model_hr_leave_report_balance,base.group_user,1,0,0,0
access_hr_leave_report_used,access_hr_leave_report_used,model_hr_leave_report_used,base.group_user,1,0,0,0
access_hr_leave_refuse_leave_wizard,access_hr_leave_refuse_leave_wizard,model_hr_leave_refuse_leave_wizard,base.group_user,1,1,1,1
access_hr_leave_refuse_allocation_wizard,access_hr_leave_refuse_allocation_wizard,model_hr_leave_refuse_allocation_wizard,base.group_user,1,1,1,1
access_hr_leave_report_employee,access_hr_leave_report_employee,model_hr_leave_report_employee,base.group_user,1,0,0,0
access_hr_leave_report_allocation,access_hr_leave_report_allocation,model_hr_leave_report_allocation,base.group_system,1,0,0,0
access_hr_leave_report_timeoff,access_hr_leave_report_timeoff,model_hr_leave_report_timeoff,base.group_system,1,0,0,0
