<?xml version="1.0" encoding="utf-8"?>
<odoo>

    <record id="eligible_employee" model="res.groups">
        <field name="name">Time Off / Eligibility</field>
    </record>

    <record id="employee" model="res.groups">
        <field name="name">Employee / Position / Employee</field>
    </record>

    <record id="hr" model="res.groups">
        <field name="name">Employee / Position / HR</field>
    </record>

    <record id="ceo" model="res.groups">
        <field name="name">Employee / Position / CEO</field>
    </record>

    <record id="manager" model="res.groups">
        <field name="name">Employee / Position / Manager</field>
    </record>

    <record id="resource_all_can_see" model="ir.rule">
        <field name="name">Time Off Resource Which All Can See</field>
        <field name="model_id" ref="model_hr_leave_type"/>
        <field name="domain_force">[('need_eligible_employee','!=',True)]</field>
        <field name="groups" eval="[(4, ref('base.group_user'))]"/>
        <field name="perm_write" eval="0"/>
        <field name="perm_read" eval="1"/>
        <field name="perm_create" eval="0"/>
        <field name="perm_unlink" eval="0"/>
    </record>

    <record id="resource_only_permanent_employee_can_see" model="ir.rule">
        <field name="name">Time Off Resource Which Only Eligible Employee Can See</field>
        <field name="model_id" ref="model_hr_leave_type"/>
        <field name="perm_write" eval="1"/>
        <field name="perm_read" eval="1"/>
        <field name="perm_create" eval="1"/>
        <field name="perm_unlink" eval="1"/>
        <field name="domain_force">[(1,'=',1)]</field>
        <field name="groups" eval="[(4, ref('timeoff_custom.eligible_employee'))]"/>
    </record>

</odoo>
